EverzolYellow3RS,EverzolYellowLX,EverzolYellowEDR,EverzolYellowED,EverzolYellowED2G,EverzolRedLX,EverzolRedF2B,EverzolRedED3B,EverzolRedED,EverzolBlueLX,EverzolBlueBRF,EverzolBlueEDG,EverzolNavyBlueFBN,EverzolNavyED,RemazolRoyalRGB,LevafixBlueCA,EverzolOrangeED2R,EverzolTurquoise133%,EverzolBlackEDR,Class
0,0,0,0,0,0,0,0.36,0,0,0,0,0,0,3.16,0,0,0,0,1
0,0,0,0.42,0,0,0,0.18,0,0,0,0,2.26,0,0,0,0,0,0,0
0,0,1.1,0,0,0,0,1.76,0,0,0,0,0.7,0,0,0,0,0,0,1
0,0,0,1.18,0,0,0,1.77,0,0,0,0,0,0,0,0,0,0,0,0
0,0,0,1.96,0,0,0,1.61,0,0,0.044,0,0,0,0,0,0,0,0,0
0,0,0.028,0,0,0,0.72,0,0,0,0,0,0,0,0,0,0,0,0,0
0,0,0.64,0,0,0,0.58,0,0,0,0,0,0,0,0,0,0,0,0,0
0,0,0,0,0,0,0,0.039,0,0,0.011,0,0,0,0,0,0,0,0,1
0,0,0,0,0,0,0,0.28,0,0,0.26,0,0,0,0,0,0,0,0,1
0,0,0,0,0,0,0,0.05,0,0,0.093,0,0,0,0,0,0,0,0,1
0.014,0,0,0,0,0,0,0,0,0,0,0,0,0,0.23,0,0,0,0,0
0,0,0,0,0,0,0,0.068,0,0,0,0,0,0,1.53,0,0,0,0,0
0,0,0,0,0.011,0,0,0,0,0,0,0,0,0,0,0.0022,0,0.15,0,0
0,0,0.011,0,0,0,0,0.053,0,0,0,0,0.23,0,0,0,0,0,0,0
0,0,0.31,0,0,0,0,0.05,0,0,0,0,0,0,1.07,0,0,0,0,0
0,0,0,0,2.012,0,0,0,0,0,0,0,0,0,0,0,0,0.0207,0,0
0,0,0.66,0,0.31,0,0,0,0,0,0,0,0.53,0,0,0,0,0,0,1
0,0,0,0,1.55,0,0,0,0,0,0,0,0,0,0,0.0067,0,0.83,0,0
0,0,0,0,1.22,0,0,0,0,0,0,0,0,0,0,0.0057,0,0.19,0,0
0,0,0,0,2.12,0,0,0,0,0,0,0,0,0,0,0.14,0,2.22,0,0
0,0,0,0,0.31,0,0,0,0,0,0,0,0,0,0,0,0,0.18,0,0
0,0,0.62,0,0,0,0,0.25,0,0,0,0,0.27,0,0,0,0,0,0,1
0,0,0.55,0,0,0,0,0.13,0,0,0,0,0.35,0,0,0,0,0,0,1
0,0,0,0,0,0,0,0.41,0,0,0,0,0,0,0,0,2.09,0,0,0
0,0,0,1.26,0,0,0,0.6,0,0,0,0,0,0,0,0,0,0,0,0
0,0,0.63,0,0,0,0,0.35,0,0,0,0,0.095,0,0,0,0,0,0,1
0,0,0.15,0,0,0,0,0.0104,0,0,0,0,0.19,0,0,0,0,0,0,1
0,0,0.12,0,0.0015,0,0,0,0,0,0.23,0,0,0,0,0,0,0,0,1
0,0,0.28,0,0,0,0,0.011,0,0,0,0,0.2,0,0,0,0,0,0,1
0,0,0.004,0,0.24,0,0,0,0,0,0,0,0,0,0,0,0,0,0,0
0,0,1.3979,0,0,0,0,0.2688,0,0,0,0,1.0007,0,0,0,0,0,0,1
0,0,1.3979,0,0,0,0,0.2688,0,0,0,0,1.0007,0,0,0,0,0,0,1
0,0,0,0.5366,0.8002,0,0,0,0,0,0,0,1.8179,0,0,0,0,0,0,1
0,0,0,0.5242,0,0,0,0.4853,0,0,0,0,0,3.5301,0,0,0,0,0,0
0,0,0,0,0,0,0,1.1307,2.9589,0,0.0019,0,0,0,0,0,0,0,0,0
0,0,0.0759,0,0,0,0,0.3565,0,0,0,0,0,0,3.0723,0,0,0,0,0
0,0,0,0,0.0019,0,0,0,0,0,0,1.0273,0,0,0,0,0,0.6484,0,0
0,0.0827,0,0,0,0.0228,0,0,0,0.0408,0,0,0,0,0,0,0,0,0,0
0,0,0.1392,0,1.82,0,0,0,0,0,0.0005,0,0,0,0,0,0,0,0,0
0,0,0,0,0.5055,0,0,0,0,0,0,0,0,0,0,0,0,0.0421,0,0
0,0.0519,0,0,0,0.0274,0,0,0,0.1135,0,0,0,0,0,0,0,0,0,1
0,0,0,0,0.726,0,0,0,0,0,0,0,0.0913,0,0,0,0,3.5258,0,1
0,0,0.3969,0,0,0,0,0.075,0,0,0.1424,0,0,0,0,0,0,0,0,0
0,0,1.1517,0,0,0,0,2.6375,0,0,0.611,0,0,0,0,0,0,0,0,0
0,0,1.6273,0,0,0,0,0.0964,0,0,0,0,1.1299,0,0,0,0,0,0,1
0,0,0,0.2463,0,0,0.0896,0,0,0,0,0,0,0,0,0,2.132,0,0,0
0,0.0026,0,0,0,0.0469,0,0,0,0.0066,0,0,0,0,0,0,0,0,0,0
0,0,0.0086,0,0,0,0,1.0717,0,0,0,0,0.5586,0,0,0,0,0,0,1
0,0,0.0038,0,0,0,0,0.0017,0,0,0,0.0368,0,0,0,0,0,0,0,0
0,0,0,0,0.9424,0,0,0,0,0,0,0,0,0,0,0,0,0.2601,0,0
0,0,0,0,0,0,0,0,0,0,0,0,0,0,0,0,0,0,2,0
0,0,0.404,0,0,0,0,0.878,0,0,0,0,3.652,0,0,0,0,0,0,0
0,0,0.1118,0,0,0,0,0.0342,0,0,0.0243,0,0,0,0,0,0,0,0,0
0,0,0,1.2015,0,0,0,0.665,0,0,0,0,0.5614,0,0,0,0,0,0,1
0,0,0.2137,0,0,0,0,0.1571,0,0,0,0,0.1488,0,0,0,0,0,0,1
0,0,0.8205,0,0,0,0,0.3471,0,0,0.1003,0,0,0,0,0,0,0,0,0
0,0,0.0811,0,0,0,0,0.0043,0,0,0,0,0.0869,0,0,0,0,0,0,0
0,0.0507,0,0,0,0.0563,0,0,0,0.0485,0,0,0,0,0,0,0,0,0,0